{"cameraMode":{"drawMode":0,"name":"Shaded","section":"Shading Mode"},"sceneLighting":true,"audioPlay":false,"sceneViewState":{"showFog":true,"showMaterialUpdate":false,"showSkybox":true,"showFlares":true,"showImageEffects":true,"showParticleSystems":true},"in2DMode":false,"pivot":{"x":0.0,"y":3.7300000190734865,"z":-1.1599998474121094},"rotation":{"x":-0.2722211182117462,"y":0.26742708683013918,"z":-0.07904308289289475,"w":-0.9209673404693604},"size":38.71100616455078,"orthographic":true}